{"dispVec": [0.001505455955027494, 0.0013577118300766708, 0.001209973639462224, 0.0010622354488477785, 0.0009145031925697101, 0.0007667960978778857, 0.0006191481091763888, 0.00047160931226424723, 0.0003242473585761647, 0.00017714888942325222, 3.0420960233758833e-05, -0.00011580753520620021, -0.0002613844405119093, -0.0004061329124593262, -0.0005498443696433997, -0.0006922895647375452, -0.000833229656753111, -0.0009724272832988521, -0.0011097128026085945, -0.0012449945244128202, -0.0013782022872902196, -0.0015092850673731296, -0.0016382087762542596, -0.00176495424853152, -0.0018895154172005192, -0.002011897673266051, -0.0021321164044066677, -0.0022501957062553922, -0.002366167258833281, -0.0024800693598702366, -0.00259194610614926, -0.0027018467135970473, -0.0028098249665974304, -0.0029159387869074236, -0.00302024954940483, -0.003122821567880516, -0.00322372166353183, -0.0033230188081281135, -0.003420783834173222, -0.0035170892048007295, -0.0036120088365970645, -0.0037056179690490186, -0.003797993074848359, -0.0038892118058518627, -0.003979352970084872, -0.004068496535785724, -0.004156723659113179, -0.004244116732775522, -0.004330759453485223, -0.004416736906793841, -0.00450212790947802, -0.004587005153286042, -0.004671435366021589, -0.004755479489403856, -0.00483919287298447, -0.004922625483271982, -0.005005822127111444, -0.005088822688287864, -0.005171662376265985, -0.005254371985943038, -0.005336978167274353, -0.005419503703632245, -0.005501967797775234, -0.0055843863643362, -0.0056667723277834155, -0.005749135924866719, -0.005831485010631696, -0.005913825367166874, -0.005996161014342329, -0.006078494521902176, -0.006160827322388155, -0.006243160024496375, -0.0063254927266045945, -0.006407825330335055], "qVec": [0.0, 0.0, 5.632872089173828, 6.308816739874688, 6.984761390575548, 7.660706041276406, 8.336650691977265, 9.012595342678125, 9.688539993378985, 10.364484644079843, 11.040429294780703, 11.716373945481562, 12.392318596182422, 8.069104014014531, 3.7458894318466385, -0.5773251503212524, -30.582188749506855, -35.20238304893242, -37.977604941530586, -40.34223225251236, -42.73949483114862, -45.16829077677666, -47.626943593379146, -50.11332659841584, -52.62495243690276, -55.15905148442464, -57.71264516704335, -60.28261431768216, -62.86576272305934, -65.45887604339667, -68.05877630946462, -70.66237221855818, -73.26670546320649, -75.71192131896623, -78.15250337893659, -80.58608196813204, -83.01052791311277, -85.42397180615937, -87.82482098855772, -90.2117744539453, -92.58383586280833, -94.94032484801693, -97.28088677892055, -99.60550113816986, -101.91448865123171, -104.20851729365829, -106.48860728567645, -108.75613516769387, -113.7971259525805, -116.18812355129573, -118.57181486978024, -120.94988603456932, -123.32378426798823, -125.69473686751688, -128.06376949496587, -130.43172382219896, -132.79927458201087, -135.16694607390997, -137.5351281750343, -139.90409190629939, -142.27400460319532, -144.64494473945692, -147.01691645018155, -149.3898637988826, -151.763684830496, -154.13824544950938, -156.51339315919844, -158.88897069444113, -161.26482957675796, -163.6408436161026, -166.01692237951488, -168.39301596258585, 0.0, 0.0]}