{"dispVec": [0.13220985681940026, 0.12999479453649415, 0.1277797381879241, 0.12556468183935393, 0.12334963142511979, 0.12113460617247228, 0.11891964002581579, 0.11670478307094895, 0.11449010295930728, 0.11227568807729399, 0.11006164913596556, 0.10784812076070913, 0.10563526308092516, 0.10342326331970786, 0.10121233738352661, 0.09900273145190722, 0.09679472356711281, 0.09458862522382411, 0.0923847660365981, 0.09018349514015307, 0.08798518258965603, 0.08579022076100912, 0.08359902575113537, 0.08141203877826571, 0.07922972758222677, 0.07705258782472467, 0.0748811444896346, 0.0727159532832845, 0.07055760203474316, 0.06840671209610688, 0.06626393974278406, 0.06412997757378465, 0.062005555912004365, 0.05989144420451237, 0.05778844714339622, 0.05569740525381219, 0.05361919548202979, 0.051554731783482015, 0.049504965710812025, 0.04747088700192093, 0.045453524168015146, 0.04345394508165497, 0.041473257564801566, 0.03951256886332668, 0.037572981256981414, 0.03565558766515207, 0.03376146724816882, 0.03189168100393831, 0.030047267359673363, 0.02822923775849446, 0.02643842443033733, 0.024675475648582527, 0.02294085098114677, 0.02123481653590441, 0.01955744020034693, 0.017908586875423824, 0.01628791370355309, 0.014694865290828245, 0.013128668923491134, 0.011588329778784403, 0.01007262613034001, 0.008580104548306535, 0.007109075094464363, 0.0056576065126235035, 0.004223521414648786, 0.002804391462504599, 0.0013975325467630562, -3.793106930979895e-11, -0.0013914164198920542, -0.002779382532919321, -0.004165810452378395, -0.005551852299657453, -0.0069378941469365775, -0.00832354992203552], "qVec": [0.0, 0.0, 5.632872089173828, 6.308816739874688, 6.984761390575548, 7.660706041276406, 8.336650691977265, 9.012595342678125, 9.70356098561678, 10.394526628555438, 11.085492271494093, 11.77645791443275, 12.467423557371408, 13.158389200310062, 13.849354843248717, 14.540320486187374, 8.182816548157119, 8.815176720328738, 9.44753689250036, 10.079897064671979, 10.712257236843598, 11.344617409015218, 11.976977581186837, 12.60933775335846, 13.241697925530076, 13.874058097701695, 14.506418269873315, 15.138778442044934, 15.771138614216554, 16.403498786388173, 17.035858958559793, 17.668219130731416, 18.30057930290303, 18.60591645050853, 18.911253598114033, 19.216590745719532, 19.521927893325035, 19.827265040930538, 20.132602188536037, 20.437939336141536, 20.743276483747035, 4.0719824380916485, 1.7904050062765684, -0.491172425538533, -2.7727498573536096, -5.054327289168707, -7.335904720983791, -9.617482152798871, -85.07371992850645, -87.5867617374622, -90.09980354641795, -92.6128453553737, -95.12588716432944, -97.6389289732852, -100.15197078224094, -102.66501259119669, -105.17805440015245, -107.6910962091082, -110.20413801806393, -112.71717982701968, -115.23022163597543, -117.74326344493117, -120.25630525388694, -122.76934706284268, -125.28238887179843, -127.7954306807542, -130.3084724897099, 267.4569257701025, 370.3619465088806, 373.2189451837161, 376.07594385855157, 378.93294253338706, 0.0, 0.0]}