{"dispVec": [-58160075640.84996, -57233662768.60263, -56307249896.3553, -55380837024.10799, -54454424151.86065, -53528011279.61332, -52601598407.366, -51675185535.11867, -50748772662.87132, -49822359790.62395, -48895946918.376526, -47969534046.12903, -47043121173.88139, -46116708301.63362, -45190295429.38571, -44263882557.13768, -43337469684.88954, -42411056812.64131, -41484643940.39302, -40558231068.14467, -39631818195.896255, -38705405323.64774, -37778992451.39916, -36852579579.15048, -35926166706.90172, -34999753834.65288, -34073340962.403965, -33146928090.155014, -32220515217.90605, -31294102345.65708, -30367689473.40813, -29441276601.159206, -28514863728.910328, -27588450856.66152, -26662037984.41278, -25735625112.16412, -24809212239.91553, -23882799367.66702, -22956386495.418583, -22029973623.17023, -21103560750.92196, -20177147878.67376, -19250735006.425648, -18324322134.177605, -17397909261.92964, -16471496389.681778, -15545083517.434013, -14618670645.186354, -13692257772.938808, -12765844900.691381, -11839432028.444088, -10913019156.196922, -9986606283.9499, -9060193411.703018, -8133780539.456272, -7207367667.2096615, -6280954794.963181, -5354541922.716819, -4428129050.470566, -3501716178.2244124, -2575303305.978347, -1648890433.7323642, -722477561.4864514, 203935310.75940016, 1130348183.0052023, 2056761055.2509656, 2983173927.4966984, 3909586799.7424097, 4835999671.988106, 5762412544.233793, 6688825416.479481, 7615238288.725168, 8541651160.970854, 9468064033.216541], "qVec": [0.0, 0.0, 39.944098931776146, 44.737390803589285, 49.53068267540243, 54.323974547215556, 59.117266419028695, 63.910558290841834, 68.70385016265497, 73.49714203446811, 78.29043390628125, 83.08372577809439, 87.87701764990753, 92.20023223207542, 96.52344681424331, 100.8466613964112, 133.87298749942352, 139.1255419710207, 144.3780964426179, 149.63065091421507, 154.88320538581223, 160.1357598574094, 164.86147978302603, 169.4816740824516, 174.10186838187713, 178.72206268130267, 183.34225698072825, 187.9624512801538, 192.58264557957935, 197.20283987900487, 201.82303417843045, 206.44322847785602, 211.06342277728157, 213.31648049119897, 215.56953820511637, 217.82259591903377, 220.07565363295114, 222.32871134686854, 224.58176906078594, 226.83482677470334, 229.08788448862077, 231.34094220253817, 233.59399991645552, 235.84705763037297, 238.10011534429034, 240.35317305820774, 242.60623077212514, 244.85928848604254, 313.22197301217136, 316.07897168700686, 318.9359703618423, 321.79296903667773, 324.6499677115132, 327.5069663863487, 330.3639650611841, 333.2209637360196, 336.0779624108551, 338.9349610856906, 341.79195976052597, 344.64895843536146, 347.50595711019696, 350.36295578503234, 353.21995445986784, -251.42450844122286, -253.93755025017865, -256.45059205913435, -258.9636338680901, -261.4766756770459, -263.98971748600167, -266.50275929495734, -269.0158011039131, -271.52884291286887, 0.0, 0.0]}