{"dispVec": [0.0015152669839876387, 0.0014433497166202373, 0.0013714410777215507, 0.0012995324388228643, 0.0012276324283928921, 0.0011557690026702699, 0.0010839915164960454, 0.001012372794146169, 0.0009410112001639879, 0.000870032710192734, 0.0007995929818080188, 0.0007298794253503234, 0.0006611132747574883, 0.0005935516583972093, 0.0005274978516508432, 0.00046330127691341055, 0.00040135750359359366, 0.0003420806996601936, 0.00028579664480617704, 0.00023275146771780132, 0.00018312003612543112, 0.00013701396772560176, 9.44892377471241e-05, 5.555336584097177e-05, 2.0172171140046825e-05, -1.1723910201880171e-05, -4.023394588407672e-05, -6.548106346410807e-05, -8.76218733923632e-05, -0.00010683781254099377, -0.00012332726966958777, -0.0001372984612071574, -0.00014896302190447216, -0.00015853027222243566, -0.00016620282785000795, -0.0001721725286404677, -0.00017661687063135238, -0.0001796969961326501, -0.00018155890309573406, -0.00018233457202976989, -0.00018214301008019168, -0.00018109121310764, -0.00017927504763574762, -0.0001767800553923099, -0.0001736821838696456, -0.00017004844689421855, -0.0001659375196396139, -0.00016140027285633976, -0.00015648025134110908, -0.0001512141018405082, -0.0001456361257288381, -0.00013977841033693738, -0.00013367094597616073, -0.00012734173083504764, -0.00012081686571986311, -0.00011412064040510533, -0.00010727561315853556, -0.00010030268480928022, -9.322116853877774e-05, -8.60488563942326e-05, -7.880208335400588e-05, -7.14957896150208e-05, -6.414281628587853e-05, -5.675406372496881e-05, -4.933864650488346e-05, -4.190404587687987e-05, -3.4456260445972226e-05, -2.6999955619776605e-05, -1.953861226312106e-05, -1.2074674876095448e-05, -4.6096995159631435e-06, 2.855498396618095e-06, 1.0320696309199338e-05, 1.778611677422953e-05], "qVec": [0.0, 0.0, 8.190142503906799, 9.172959604375615, 10.155776704844431, 11.138593805313246, 12.121410905782062, 13.104228006250878, 14.087045106719694, 15.069862207188509, 16.052679307657325, 17.03549640812614, 18.018313508594957, 18.018313508594957, 18.018313508594957, 7.261893250151575, -29.696267336376, -27.259869986223165, -24.90407327201041, -22.637020853199516, -20.465201124222563, -18.393593809057524, -16.425810705760277, -14.56423023482549, -12.810125534444166, -11.163785926334398, -17.169513896514125, -14.54598414781099, -12.117387329225435, -9.878683296918958, -7.823967565965319, -5.946622079226298, -4.239454195347582, -2.694824298461273, -1.304793905917001, -0.6056649987575127, -1.4355717242112267, -2.154856278531793, -2.770761060230358, -3.290425434340623, -3.7208421736991264, -4.068819689668623, -4.340949643519631, -4.543579539932271, -4.682789916512135, -4.764375757536071, -4.7938317760848745, -4.776341226030706, -3.0703845884121326, -2.9928068993033494, -2.899783223031509, -2.793249727660362, -2.674984572005769, -2.5466113555176757, -2.409603420842333, -2.2652889031664714, -2.1148564288810623, -1.95936137437065, -1.7997326037897414, -1.6367796124916456, -3.221758618159944, -2.905214625591423, -2.5844929845737354, -2.2606114736312173, -1.9344112886608449, -1.6065729974230545, -1.2776327010396349, -0.9479983471845044, -0.6179661496863065, -0.2877370784915019, 0.04256660764413084, 0.3728848057670221, 0.0, 0.0]}