{"dispVec": [0.00034363449671622555, 0.0003233286799246625, 0.00030302879746947674, 0.0002827289150142908, 0.00026243496689548217, 0.00024216618036291242, 0.00022195649982065867, 0.0002018560110677444, 0.00018193236553886862, 0.00016227220454513748, 0.0001429825835147948, 0.00012419239623395186, 0.00010605379908731858, 8.87436352989333e-05, 7.246485917289443e-05, 5.743784198972515e-05, 4.389170003135639e-05, 3.205562234235842e-05, 2.2089783038612607e-05, 1.4074465866082366e-05, 7.999188324605906e-06, 3.751825338043926e-06, 1.1077324732166235e-06, -2.8113126629140164e-07, -7.923480097700309e-07, -7.669584435068846e-07, -4.76638025860826e-07, -1.1413147545337717e-07, 2.015528644810944e-07, 4.119382197683843e-07, 5.028104688939873e-07, 4.882290699299212e-07, 3.9680047002040965e-07, 2.611359301923557e-07, 1.1120758696197202e-07, -2.9103556736706957e-08, -1.434178984732734e-07, -2.227659986831159e-07, -2.645356471679266e-07, -2.7094603347130357e-07, -2.474586624365285e-07, -2.0144324833211004e-07, -1.4132268311220904e-07, -7.635724311906407e-08, -1.4978255677062726e-08, 3.624419143043596e-08, 7.313959317637188e-08, 9.414563843802174e-08, 1.0034281720427588e-07, 9.543693437129129e-08, 8.288511993927738e-08, 6.578145874451331e-08, 4.676514893380842e-08, 2.795918805133799e-08, 1.0944844481381754e-08, -3.22716428632561e-09, -1.3992286523559074e-08, -2.120161624386824e-08, -2.5034566444663498e-08, -2.590488376786805e-08, -2.436964545447514e-08, -2.104928313605386e-08, -1.6564284206098376e-08, -1.1491325096000591e-08, -6.33846473186233e-09, -1.5359185733701165e-09, 2.563919569790454e-09, 5.685888499462142e-09, 7.64112999703163e-09, 8.356417911392393e-09, 7.933075655852082e-09, 6.7413281192654874e-09, 5.549580582672117e-09, 3.5894277650193332e-09], "qVec": [0.0, 0.0, 5.632872089173828, 6.308816739874688, 6.984761390575548, 7.660706041276406, 8.336650691977265, 9.012595342678125, 9.688539993378985, 10.364484644079843, 11.040429294780703, 11.716373945481562, 12.392318596182422, 8.274971375070141, 4.157624153957867, 0.04027693284559497, -29.66955777678082, -34.34679151200176, -39.024025247222696, -43.70125898244362, -48.37849271766456, -53.05572645288549, -12.673423959278093, 15.697195198099168, 29.80438844074599, 33.917862308331514, 31.691863809873237, 26.02350021801932, 19.041618788895487, 12.177603751990807, 6.280289119350161, 1.7467889123725797, -1.3501291397366881, -3.1494544974801983, -3.8893546094451024, -3.8491256508552496, -3.3082230973967404, -2.519993949349018, -1.6970068174149768, -1.0046138114051495, -0.5594521498196294, -0.4076808580718056, 0.38622253559461645, 0.8794558959120305, 1.1380792285224934, 1.239694513890853, 1.2579979433411737, 1.2507686954608002, -0.11613766318070876, -0.17092944017068304, -0.2151607188917318, -0.2449252089279605, -0.2576389241889802, -0.25280418589192444, -0.23205100316751812, -0.1987308322000747, -0.1572865079078773, -0.1125639778796751, -0.06917561241444566, -0.030977193164452594, -0.000684334840971584, 0.02036988272865869, 0.032346366493609426, 0.0368925091361369, 0.03702114755736178, 0.036869247262326224, 0.041314766942709136, 0.05541586183801426, 0.08362624234589688, 0.12873783160257884, 0.1905108653061045, -0.7342843761603552, 0.0, 0.0]}