{"dispVec": [-0.0011670530560105828, -0.0011180710427264864, -0.0010690949637787665, -0.0010201188848310467, -0.0009711487402197045, -0.0009222037571946011, -0.0008733178801598141, -0.000824541194914366, -0.0007759413528929563, -0.0007276049954066904, -0.0006796391778838123, -0.0006321727941104322, -0.0005853580004712591, -0.0005393716401903316, -0.0004943857815362082, -0.0004505595140741576, -0.0004080351172633241, -0.00036693914376103155, -0.00032737752371881425, -0.0002894395200727393, -0.0002532015108132827, -0.00021873058816908287, -0.00018607299260960656, -0.00015525664219323416, -0.00012629345743660894, -9.918147855708704e-05, -7.390677374407889e-05, -5.044513868027519e-05, -2.8763588883769756e-05, -8.821647600464769e-06, 9.427567033766486e-06, 2.6036450996822715e-05, 4.106221426341816e-05, 5.456636565902598e-05, 6.661399915929879e-05, 7.727301512100151e-05, 8.66134901257108e-05, 9.470718850820907e-05, 0.00010162720841945564, 0.00010744775510181082, 0.00011224403391809518, 0.00011609225556310712, 0.00011906974578417624, 0.00012125515183475339, 0.0001227287377712656, 0.0001235727605686279, 0.00012387191886483582, 0.00012371386594172058, 0.00012318977829981663, 0.00012239497088382324, 0.0001214120965267113, 0.00012031191182602343, 0.00011915406367453196, 0.0001179878886744467, 0.00011685321888448255, 0.00011578118848141903, 0.00011479503696161586, 0.00011391090546318915, 0.00011313862365658198, 0.00011248248543083744, 0.00011194201229603463, 0.0001115127040303143, 0.00011118677662404352, 0.00011095388801535394, 0.00011080185247192921, 0.00011071734475485246, 0.00011068659540280657, 0.0001106960786000644, 0.0001107331941404938, 0.00011078694497304261, 0.00011084861171251545, 0.00011091242532338796, 0.00011097623893426047, 0.00011104219941653266], "qVec": [0.0, 0.0, -5.632872089173828, -6.308816739874688, -6.984761390575548, -7.660706041276406, -8.336650691977265, -9.012595342678125, -9.688539993378985, -10.364484644079843, -11.040429294780703, -11.716373945481562, -12.392318596182422, -8.069104014014531, -5.477459394744471, -4.833027250231761, -1.0763328506672671, -1.8161372467377142, -2.5168741958478122, -3.1762709002941234, -3.4774303896058525, -2.8642817997469923, -2.2511332098881276, -1.6379846200292683, -1.0248360301704018, -0.4116874403115425, 0.20146114954732397, 0.8146097394061851, 1.427758329265048, 2.0409069191239126, 2.654055508982772, 3.2672040988416313, 3.8803526887005013, 4.179357247952659, 4.478361807204816, 4.777366366456981, 5.0763709257091385, 5.375375484961303, 5.674380044213471, 5.973384603465625, 6.272389162717786, 6.571393721969947, 6.870398281222105, 7.169402840474277, 7.468407399726434, 7.767411958978592, 8.066416518230753, 8.365421077482917, 0.4261779629357001, 0.7596851579922301, 1.0931923530487602, 1.426699548105283, 1.7602067431618167, 2.0937139382183467, 2.4272211332748697, 2.7607283283314032, 3.0942355233879404, 3.427742718444456, 3.7612499135009934, 4.09475710855752, 4.42826430361405, 4.761771498670576, 5.095278693727103, 5.428785888783629, 5.76229308384017, 6.0958002788966965, 6.429307473953223, 6.762814669009757, 7.096321864066276, 7.429829059122817, 7.763336254179336, 8.09684344923587, 0.0, 0.0]}