{"dispVec": [-0.0011133112318350142, -0.0010673080296698851, -0.0010213107618411332, -0.0009753134940123812, -0.0009293221605200063, -0.0008833559886138703, -0.0008374489226980503, -0.0007916510485715695, -0.000746030017669127, -0.0007006724713018282, -0.0006556854648979171, -0.0006111978922435039, -0.0005673619097232977, -0.0005243543605613367, -0.0004823535493257493, -0.00044153062152071996, -0.0004020619162835371, -0.000364108773944459, -0.0003278061844733015, -0.0002932501618411812, -0.0002605152039195071, -0.00022964254392716045, -0.00020065183644885957, -0.00017354348174782836, -0.0001483026531463758, -0.00012490132437321076, -0.00010330506683183056, -8.347021046495945e-05, -6.534615276433288e-05, -4.88738236373093e-05, -3.398748886321697e-05, -2.062104605453513e-05, -8.7035951178599e-06, 1.8394404181948781e-06, 1.1084398311545428e-05, 1.910728469580511e-05, 2.598454241558919e-05, 3.1792958852068664e-05, 3.660951737127415e-05, 4.051121822099091e-05, 4.3571525659985056e-05, 4.5860678728087064e-05, 4.7445463718404296e-05, 4.839146639001661e-05, 4.8762831675870335e-05, 4.8622077296420224e-05, 4.802990359047129e-05, 4.704379301154319e-05, 4.571932681028829e-05, 4.4110230386894596e-05, 4.226617806463108e-05, 4.023115459011792e-05, 3.804368697223435e-05, 3.573690850442432e-05, 3.333885125773833e-05, 3.0872431259900877e-05, 2.8358045775834094e-05, 2.5813970762996754e-05, 2.3254087218833794e-05, 2.0687959483766575e-05, 1.8124141198148908e-05, 1.5567327804528596e-05, 1.3018594490552455e-05, 1.0478881489247518e-05, 7.948796422304942e-06, 5.428253872514772e-06, 2.9160716634074276e-06, 4.105277961968589e-07, -2.0902561239104375e-06, -4.5881240537534045e-06, -7.084659661471225e-06, -9.581083335093013e-06, -1.2077507008714802e-05, -1.4573818748240552e-05], "qVec": [0.0, 0.0, -5.632872089173828, -6.308816739874688, -6.984761390575548, -7.660706041276406, -8.336650691977265, -9.012595342678125, -9.688539993378985, -10.364484644079843, -11.040429294780703, -11.716373945481562, -0.5705885139740108, 2.7952894093858607, -2.0278779077208986, 0.47949034507995947, 1.6624172558369832, 8.330428886203638, 1.3699837320479284, 7.5554124656590345, 3.1115753879156998, 2.8480054987067067, 1.7674233907190708, 1.5421149999272665, -0.8848089981748992, 0.9931665976773036, 0.5003132083756341, 1.6986010875217472, 1.3456437424673604, -1.078155262040417, 1.3012287492247836, 1.1351785409321669, 0.6574319427130342, -0.11867502499478388, 0.5001873844606333, 0.65846136187297, 0.7594281862111621, 0.81793243712121, -0.8326332741885135, -0.5781864293325265, -0.6138223622640149, 0.5685216589740993, 0.4889456739392999, 0.4200089696534298, 0.33455298630045105, -0.36800895911367393, 0.2740569213126336, 0.2715836955069213, 0.47674128022701634, -0.4153893800904509, -0.40098097214132733, -0.4793577150197823, -0.4536755445978171, -0.5854698002669352, 0.5615865163053215, 0.6237981525947622, -0.6293566717520822, -0.7281912971298254, 0.7584256718901297, -0.7795514137434105, -0.8009929851224415, 0.7739321049615012, 0.5392192912972584, 0.22499587373565194, -0.10998510881817009, 0.027686127635860536, 0.08053282300586204, 0.039083883864934006, 0.01510167108319782, -0.06910519834603754, 0.16237518109908414, -0.40712126773076146, 0.0, 0.0]}