{"dispVec": [22658131527.858536, 22299894098.78322, 21941656669.70791, 21583419240.63259, 21225181811.55728, 20866944382.481964, 20508706953.406654, 20150469524.33134, 19792232095.256023, 19433994666.180695, 19075757237.105347, 18717519808.02997, 18359282378.954544, 18001044949.879074, 17642807520.803547, 17284570091.72798, 16926332662.652382, 16568095233.576754, 16209857804.50111, 15851620375.425453, 15493382946.349777, 15135145517.274086, 14776908088.198376, 14418670659.122646, 14060433230.046898, 13702195800.971136, 13343958371.89537, 12985720942.81961, 12627483513.743866, 12269246084.668144, 11911008655.592447, 11552771226.516792, 11194533797.441185, 10836296368.365631, 10478058939.290134, 10119821510.214695, 9761584081.139317, 9403346652.064, 9045109222.988745, 8686871793.913557, 8328634364.838434, 7970396935.763378, 7612159506.688387, 7253922077.6134615, 6895684648.538608, 6537447219.463826, 6179209790.389122, 5820972361.314497, 5462734932.239957, 5104497503.165501, 4746260074.091134, 4388022645.016858, 4029785215.9426756, 3671547786.868584, 3313310357.7945843, 2955072928.7206736, 2596835499.6468477, 2238598070.573102, 1880360641.4994307, 1522123212.425827, 1163885783.352286, 805648354.2788024, 447410925.2053688, 89173496.13197915, -269063932.9413748, -627301362.0147008, -985538791.0880052, -1343776220.1612945, -1702013649.234575, -2060251078.3078494, -2418488507.3811226, -2776725936.4543953, -3134963365.52767, -3493200794.600944], "qVec": [0.0, 0.0, 5.632872089173828, 6.308816739874688, 6.984761390575548, 7.660706041276406, 8.336650691977265, 9.012595342678125, 9.688539993378985, 10.364484644079843, 11.040429294780703, 11.716373945481562, 12.392318596182422, 8.069104014014531, 3.7458894318466385, -0.5773251503212524, -30.582188749506855, -35.20238304893242, -39.822577348357974, -44.442771647783516, -49.06296594720908, -53.68316024663464, -58.303354546060184, -62.923548845485755, -67.5437431449113, -72.16393744433684, -76.7841317437624, -81.40432604318795, -86.02452034261351, -90.64471464203909, -95.26490894146465, -99.88510324089016, -104.50529754031574, -106.75835525423315, -109.01141296815052, -111.26447068206792, -113.51752839598535, -115.77058610990272, -118.02364382382014, -120.27670153773752, -122.52975925165492, -124.78281696557231, -127.03587467948974, -129.28893239340715, -131.54199010732452, -133.79504782124195, -136.04810553515932, -138.30116324907672, -213.72888130688662, -216.24192311584238, -218.75496492479812, -221.26800673375388, -223.78104854270964, -226.29409035166537, -228.80713216062114, -231.3201739695769, -233.83321577853263, -236.3462575874884, -238.8592993964441, -241.37234120539983, -243.8853830143556, -246.39842482331136, -248.91146663226706, -251.42450844122286, 358.9339518095387, 361.7909504843742, 364.6479491592097, 367.5049478340452, 370.3619465088806, 373.06088453192314, 375.5739263408789, 378.0869681498347, 0.0, 0.0]}