{"dispVec": [-0.0009984477932635824, -0.0009984741981664083, -0.000998496421308545, -0.0009985186444506822, -0.0009985366858321306, -0.0009985400704330925, -0.0009985141003442262, -0.0009984419255122932, -0.0009983066152390177, -0.0009980932308655147, -0.000997790900076712, -0.0009973948932090798, -0.0009969087018406391, -0.0009963461197846119, -0.000995735995559014, -0.0009951248928982026, -0.0009945797527471994, -0.000994190555286527, -0.000994021581971692, -0.0009941135166358622, -0.0009944855341758238, -0.000995137374527375, -0.0009960514008490275, -0.0009971946419286867, -0.000998520819807706, -0.0009999723644813136, -0.001001482418284657, -0.0010029768332103926, -0.0010043761649274037, -0.0010055976676812716, -0.001006557294555745, -0.0010071717077606021, -0.0010073603036846457, -0.0010070472574126056, -0.0010061629396190231, -0.0010046448499584186, -0.0010024385795997133, -0.0009994988060934426, -0.000995790323347512, -0.0009912891090236853, -0.0009859834311508942, -0.0009798749951809049, -0.000972980132084865, -0.000965331027403727, -0.0009569769904193934, -0.0009479857618045984, -0.0009384448572359382, -0.0009284629435141605, -0.0009181712427269737, -0.000907724958910582, -0.0008972555294567306, -0.0008868722378840596, -0.0008766638278804315, -0.0008667001126152413, -0.0008570335744485797, -0.0008477009512036609, -0.0008387248061205856, -0.0008301150794740854, -0.000821870620616248, -0.0008139806998983831, -0.0008064265005352108, -0.0007991825910005622, -0.0007922183789878679, -0.0007854995483319307, -0.0007789894805718794, -0.0007726506630396797, -0.0007664460854850052, -0.0007603406272963713, -0.0007543024373508531, -0.0007483043084209329, -0.0007423250478874975, -0.0007363508462529971, -0.0007303766446184968, -0.0007244075018829313], "qVec": [0.0, 0.0, -8.190142503906799, -9.172959604375615, -10.155776704844431, -11.138593805313246, -12.121410905782062, -13.104228006250878, -14.087045106719694, -15.069862207188509, -16.052679307657325, -17.03549640812614, -18.018313508594957, -19.050271464087214, -20.08222941957947, -21.11418737507173, -13.718445439571909, -14.657379906672958, -15.59631437377401, -16.535248840875063, -17.474183307976112, -18.41311777507716, -19.352052242178214, -20.290986709279267, -21.229921176380316, -22.168855643481365, -23.107790110582417, -24.046724577683467, -24.98565904478452, -25.92459351188557, -26.863527978986617, -27.802462446087674, -28.741396913188723, -29.199272363194787, -29.657147813200858, -30.11502326320693, -30.572898713212986, -31.030774163219057, -31.488649613225128, -31.946525063231192, -32.40440051323726, -32.862275963243334, -33.32015141324939, -33.77802686325547, -34.23590231326153, -34.6937777632676, -35.15165321327367, -35.60952866327974, -13.09883975092848, -13.609550214336462, -14.120260677744444, -14.630971141152418, -15.1416816045604, -15.652392067968382, -16.163102531376357, -16.67381299478434, -17.18452345819232, -17.695233921600295, -18.20594438500827, -18.71665484841625, -19.227365311824226, -19.738075775232208, -20.248786238640182, -20.759496702048164, -21.270207165456146, -21.78091762886412, -22.291628092272102, -22.802338555680084, -23.31304901908806, -23.82375948249604, -24.334469945904022, -24.845180409311997, 0.0, 0.0]}