{"dispVec": [94938651648.36497, 88609408205.14117, 82280164761.918, 75950921318.69403, 69621677875.46992, 63292434432.24611, 56963190989.021866, 50633947545.79743, 44304704102.57328, 37975460659.349464, 31646217216.125946, 25316973772.902527, 18987730329.678806, 12658486886.454609, 6329243443.230082, 0.005599974732482154, -6329243443.218809, -12658486886.443228, -18987730329.667633], "qVec": [0.0, 0.0, -5.632872089173828, -9.012595342678125, -12.392318596182422, 30.582188749506855, 55.22322501310983, 79.86426127671278, -211.06342277728157, -223.079730584841, 128.53791315543467, 213.72888130688662, 225.28887362808308, 236.8488659492795, -352.6485547249007, -64.54682444204086, 271.52884291286887, -24.845180409311997, -24.845180409311997]}